Durham_id,Site,SampleDate,SampleTime,Method,pH,SpecCond,DOC_mgL,TDN_mgL,DON_mgL,F_mgL,Cl_mgL,NO3_mgL,SO4_mgL,TMAl_mgL,OMAl_mgL,IMAl_mgL,NH4_NmgL,PO4_PmgL,Al_mgL,Ca_mgL,Fe_mgL,K_mgL,Mg_mgL,Mn_mgL,Na_mgL,S_mgL,SiO2_mgL,Sr_mgL,Zn_mgL,LocationType,GWType,X,Y
DG-001,52_4_d2,2019-03-13T00:00:00Z,1899-12-31T10:50:00Z,pump,6.58,46.6,0.42,0.18,0.01,0.07,0.51,0.71,4.56,NA,NA,NA,0.012,0.014,0.02,4.75,0.02,0.63,1.666,0.004,2.03,1.45,15.66,0.032,0,G3,deep_intoC,281762.5976,4871095.145
DG-002,52_4_d1,2019-03-13T00:00:00Z,1899-12-31T10:55:00Z,pump,6.7,44.2,0.84,0.23,0.01,0.08,0.47,0.89,4.56,NA,NA,NA,0.012,0.006,0.13,3.73,0.12,0.76,1.446,0.08,2.64,1.41,11.23,0.031,0,G4,R_surface,281789.7025,4871168.696
DG-003,86_3_d2,2019-03-13T00:00:00Z,1899-12-31T11:47:00Z,pump,5.61,13.3,3.9,0.32,0.1,0.04,0.47,0.78,2.85,NA,NA,NA,0.039,0.003,0.32,0.36,0.03,0.49,0.155,0.114,1.33,0.89,5.28,0.005,0.04,G2,R_surface,281858.8713,4870633.421
DG-004,42_4_d1,2019-06-06T00:00:00Z,1899-12-31T14:25:00Z,pump,6.34,34.8,0.43,0.27,0.07,0.05,0.61,0.87,5.59,NA,NA,NA,0.005,0.006,0.01,4.28,0,0.62,0.65,0.02,1.68,1.69,13.95,0.019,-0.001,G3,R_surface,281655.004,4871175.786
DG-005,42_4_d2,2019-06-06T00:00:00Z,1899-12-31T14:40:00Z,pump,5.75,15.97,0.44,0.15,0.01,0.05,0.52,0.55,3.77,NA,NA,NA,0.009,0.001,0.03,1.31,0,0.45,0.15,0.02,0.95,1.25,7.92,0.019,0.003,G3,deep_intoC,281655.033,4871176.429
DG-009,52_4_d1,2019-06-06T00:00:00Z,1899-12-31T11:43:00Z,pump,6.75,46.5,0.28,0.23,0.06,0.08,0.54,0.72,4.99,NA,NA,NA,0.008,0.015,0.26,3.95,0.24,0.83,1.48,0.12,3.44,1.34,12.91,0.029,0.003,G4,R_surface,281789.7025,4871168.696
DG-010,52_4_d2,2019-06-06T00:00:00Z,1899-12-31T11:00:00Z,pump,6.78,50.4,0.77,0.23,0.02,0.13,0.6,0.93,4.63,NA,NA,NA,0.004,0.004,0.03,5.31,0.03,0.73,2.03,0,2.16,1.48,16.08,0.037,0.006,G3,deep_intoC,281762.5976,4871095.145
DG-013,86_3_d2,2019-06-06T00:00:00Z,1899-12-31T09:10:00Z,pump,4.99,12.69,4.48,0.22,0.14,0.04,0.57,0.31,2.73,NA,NA,NA,0.016,0.001,0.53,0.33,0.04,0.22,0.1,0.01,0.65,0.9,4.79,0.006,0.014,G2,R_surface,281858.8713,4870633.421
DG-015,K1d,2019-06-06T00:00:00Z,1899-12-31T15:11:00Z,pump,6.07,16.29,0.54,0.11,0.05,0.04,0.53,0.27,3.05,NA,NA,NA,0.004,0.001,0.01,1.36,0.01,0.21,0.28,0.01,1.12,0.95,8,0.009,0.022,G5,deep_intoC,281686.6880,4871076.5000
DG-031,42_4_d1,2019-06-11T00:00:00Z,1899-12-31T16:48:00Z,pump,6.68,15.22,0.28,0.13,0,0.04,0.52,0.56,3.85,NA,NA,NA,0.002,0.001,0.02,1.29,0,0.44,0.15,0.03,1,1.18,7.92,0.018,-0.003,G3,R_surface,281655.004,4871175.786
DG-032,42_4_d2,2019-06-11T00:00:00Z,1899-12-31T16:44:00Z,pump,5.82,41.6,0.37,0.23,0.02,0.05,0.67,0.88,5.41,NA,NA,NA,0.02,0.006,0,5.95,0,0.59,0.62,0.02,1.61,1.59,12.9,0.019,0.001,G3,deep_intoC,281655.033,4871176.429
DG-036,52_4_d1,2019-06-11T00:00:00Z,1899-12-31T15:10:00Z,pump,6.9,55.3,1.95,0.26,0.05,0.16,0.64,0.9,5.35,NA,NA,NA,0.007,0.005,0.42,4.01,0.32,0.98,1.52,0.19,5.58,1.58,12.96,0.03,-0.002,G4,R_surface,281789.7025,4871168.696
DG-037,52_4_d2,2019-06-11T00:00:00Z,1899-12-31T14:48:00Z,pump,6.68,45,0.27,0.18,0.03,0.08,0.54,0.64,4.72,NA,NA,NA,0.004,0.016,0.05,4.77,0.05,0.66,1.76,0.01,2.03,1.4,15.88,0.033,-0.002,G3,deep_intoC,281762.5976,4871095.145
DG-040,86_3_d2,2019-06-11T00:00:00Z,1899-12-31T13:33:00Z,pump,4.98,12.1,5.26,0.24,0.15,0.03,0.48,0.35,2.6,NA,NA,NA,0.012,0.001,0.7,0.27,0.02,0.12,0.09,0.01,0.57,0.81,4.77,0.005,0,G2,R_surface,281858.8713,4870633.421
DG-041,42_4_d1,2019-06-18T00:00:00Z,1899-12-31T13:27:00Z,pump,6.48,45.48,0.49,0.21,0,0.05,0.5,0.86,5.02,NA,NA,NA,0.014,0.005,0,6.63,0.01,0.57,0.66,0.01,1.58,1.54,13.05,0.02,0,G3,R_surface,281655.004,4871175.786
DG-042,42_4_d2,2019-06-18T00:00:00Z,1899-12-31T13:23:00Z,pump,5.65,16.31,0.45,0.12,-0.01,0.05,0.46,0.55,3.84,NA,NA,NA,0.007,0.001,0.02,1.4,0,0.5,0.16,0.03,0.96,1.18,7.68,0.02,0,G3,deep_intoC,281655.033,4871176.429
DG-043,52_4_d1,2019-06-18T00:00:00Z,1899-12-31T11:42:00Z,pump,6.83,66.1,2.78,0.27,0.09,0.19,0.7,0.79,6.11,NA,NA,NA,0.008,0.003,1.21,4.23,0.92,1.32,1.57,0.22,7.18,1.83,14.03,0.03,0.01,G4,R_surface,281789.7025,4871168.696
DG-044,52_4_d2,2019-06-18T00:00:00Z,1899-12-31T11:10:00Z,pump,6.57,49.1,0.49,0.18,0.02,0.08,0.5,0.67,4.81,NA,NA,NA,0.007,0.014,0.01,5.21,0.01,0.75,1.88,0,2.14,1.37,15.5,0.04,0.01,G3,deep_intoC,281762.5976,4871095.145
DG-045,86_3_d2,2019-06-18T00:00:00Z,1899-12-31T10:25:00Z,pump,5.01,12.92,4.64,0.21,0.12,0.03,0.46,0.37,2.82,NA,NA,NA,0.005,0.001,0.57,0.41,0.04,0.22,0.12,0.02,0.67,0.87,4.98,0,0.01,G2,R_surface,281858.8713,4870633.421
DG-046,K1d,2019-06-18T00:00:00Z,1899-12-31T10:16:00Z,pump,5.89,16.07,0.66,0.13,0.02,0.04,0.42,0.38,2.91,NA,NA,NA,0.026,0.001,0.01,1.37,0.01,0.2,0.28,0.01,1.1,0.9,7.76,0.01,0.02,G5,deep_intoC,281686.6880,4871076.5000
DG-057,42_4_d1,2019-06-25T00:00:00Z,1899-12-31T13:44:00Z,pump,6.74,46.8,0.33,0.22,0,0.05,0.49,0.9,5.3,NA,NA,NA,0.016,0.007,0.01,6.74,0.01,0.56,0.66,0.01,1.56,1.54,13.07,0.02,0.01,G3,R_surface,281655.004,4871175.786
DG-058,42_4_d2,2019-06-25T00:00:00Z,1899-12-31T13:48:00Z,pump,5.81,16.95,0.38,0.13,0,0.06,0.47,0.53,3.85,NA,NA,NA,0.004,0.001,0.02,1.35,0,0.48,0.15,0.03,0.9,1.18,7.73,0.02,0,G3,deep_intoC,281655.033,4871176.429
DG-059,52_4_d1,2019-06-25T00:00:00Z,1899-12-31T11:42:00Z,pump,6.95,53.5,1.21,0.24,0.04,0.14,0.61,0.87,4.75,NA,NA,NA,0.002,0.003,0.21,4.09,0.16,0.87,1.4,0.08,4.26,1.39,12.41,0.03,0,G4,R_surface,281789.7025,4871168.696
DG-060,52_4_d2,2019-06-25T00:00:00Z,1899-12-31T11:19:00Z,pump,6.73,49.1,0.28,0.15,0.01,0.07,0.48,0.61,4.76,NA,NA,NA,0.001,0.011,0.04,4.92,0.03,0.71,1.76,0,2.01,1.36,15.32,0.03,0,G3,deep_intoC,281762.5976,4871095.145
DG-061,86_3_d2,2019-06-25T00:00:00Z,1899-12-31T10:09:00Z,pump,4.91,12.51,5.25,0.18,0.11,0.03,0.51,0.28,2.63,NA,NA,NA,0.006,0.002,0.65,0.36,0.04,0.19,0.11,0.01,0.62,0.78,4.84,0,0,G2,R_surface,281858.8713,4870633.421
DG-062,K1d,2019-06-25T00:00:00Z,1899-12-31T14:27:00Z,pump,6.02,16.23,0.6,0.09,0.04,0.04,0.4,0.19,2.96,NA,NA,NA,0.005,0.001,0.01,1.35,0,0.18,0.27,0.01,1.08,0.91,7.84,0.01,0.01,G5,deep_intoC,281686.6880,4871076.5000
DG-064,V2,2019-06-25T00:00:00Z,1899-12-31T13:13:00Z,pump,5.04,10.16,1.58,0.16,0.03,0.02,0.37,0.57,2.02,NA,NA,NA,0.01,0.001,0.15,0.15,0.01,0.14,0.04,0.06,0.46,0.57,2.96,0,0.02,G2,deep_intoC,281641.4801,4871207.708
DG-065,42_4_d1,2019-07-02T00:00:00Z,1899-12-31T13:37:00Z,pump,6.43,46.4,0.38,0.24,0.01,0.05,0.47,0.93,5.31,NA,NA,NA,0.017,0.008,0,6.5,0,0.55,0.66,0,1.54,1.65,11.95,0.019,0.012,G3,R_surface,281655.004,4871175.786
DG-066,42_4_d2,2019-07-02T00:00:00Z,1899-12-31T13:22:00Z,pump,5.8,16.51,0.32,0.15,0.04,0.04,0.41,0.49,3.81,NA,NA,NA,0.003,0.001,0.01,1.29,0,0.48,0.15,0.02,0.93,1.22,7.25,0.016,0.002,G3,deep_intoC,281655.033,4871176.429
DG-067,52_4_d1,2019-07-02T00:00:00Z,1899-12-31T11:46:00Z,pump,6.79,66.9,1.22,0.24,0.03,0.13,0.57,0.91,4.6,NA,NA,NA,0.006,0.002,0.07,6.08,0.06,1.19,2.14,0.11,4.22,1.48,11.88,0.041,0.009,G4,R_surface,281789.7025,4871168.696
DG-068,52_4_d2,2019-07-02T00:00:00Z,1899-12-31T11:02:00Z,pump,6.56,50.8,0.41,0.17,0.01,0.08,0.44,0.67,4.79,NA,NA,NA,0.006,0.013,0,5.02,0,0.7,1.86,0,2.05,1.48,14.22,0.035,0.011,G3,deep_intoC,281762.5976,4871095.145
DG-069,86_3_d2,2019-07-02T00:00:00Z,1899-12-31T10:25:00Z,pump,4.92,13.01,5.38,0.21,0.15,0.03,0.44,0.25,2.53,NA,NA,NA,0.004,0.001,0.67,0.33,0.03,0.2,0.11,0.01,0.66,0.79,4.5,0.004,0.009,G2,R_surface,281858.8713,4870633.421
DG-070,K1d,2019-07-02T00:00:00Z,1899-12-31T14:09:00Z,pump,5.91,17.23,0.6,0.08,0.03,0.04,0.39,0.2,2.94,NA,NA,NA,0.006,0.001,0.02,1.43,0,0.22,0.29,0.01,1.12,0.92,7.48,0.008,0.016,G5,deep_intoC,281686.6880,4871076.5000
DG-071,V2,2019-07-02T00:00:00Z,1899-12-31T12:51:00Z,pump,5.02,10.39,1.44,0.18,0.06,0.02,0.35,0.52,2.22,NA,NA,NA,0.008,0,0.23,0.12,0,0.13,0.04,0.04,0.43,0.72,2.87,0.001,0.027,G2,deep_intoC,281641.4801,4871207.708
DG-072,42_4_d1,2019-07-08T00:00:00Z,1899-12-31T13:08:00Z,pump,6.34,36.5,1.2,0.46,0.22,0.13,1,0.9,5.65,NA,NA,NA,0.03,0.003,0.03,2.95,0.02,0.75,0.59,0.03,1.73,1.89,12.2,0.016,0.025,G3,R_surface,281655.004,4871175.786
DG-073,42_4_d2,2019-07-08T00:00:00Z,1899-12-31T12:54:00Z,pump,5.82,17.49,0.65,0.19,0.05,0.06,0.53,0.57,3.95,NA,NA,NA,0.015,0.002,0.01,1.15,0,0.48,0.14,0.02,0.97,1.35,7.59,0.015,0.02,G3,deep_intoC,281655.033,4871176.429
DG-074,52_4_d1,2019-07-08T00:00:00Z,1899-12-31T11:13:00Z,pump,6.97,67.4,2.01,0.24,0.04,0.2,0.55,0.8,5.34,NA,NA,NA,0.015,0.004,0.03,4.09,0.01,1,1.52,0.16,5.15,1.82,10.8,0.029,0.002,G4,R_surface,281789.7025,4871168.696
DG-075,52_4_d2,2019-07-08T00:00:00Z,1899-12-31T11:13:00Z,pump,6.73,54.1,0.25,0.16,0.02,0.08,0.44,0.63,4.94,NA,NA,NA,0.003,0.013,0.02,4.71,0.01,0.63,1.79,0,1.92,1.67,15.09,0.033,0.004,G3,deep_intoC,281762.5976,4871095.145
DG-076,86_3_d2,2019-07-08T00:00:00Z,1899-12-31T10:57:00Z,pump,5.06,13.55,4.6,0.22,0.15,0.04,0.49,0.28,2.73,NA,NA,NA,0.007,0.001,0.39,0.45,0.04,0.29,0.14,0.02,0.69,0.93,4.87,0.006,0.009,G2,R_surface,281858.8713,4870633.421
DG-077,K1d,2019-07-08T00:00:00Z,1899-12-31T14:40:00Z,pump,5.94,17.85,0.57,0.1,0.05,0.05,0.48,0.21,2.97,NA,NA,NA,0.007,0.001,0.03,1.35,0.01,0.25,0.28,0.01,1.13,0.92,7.7,0.008,0.013,G5,deep_intoC,281686.6880,4871076.5000
DG-078,42_4_d1,2019-07-12T00:00:00Z,1899-12-31T14:57:00Z,pump,6.49,42,1.04,0.47,0.16,0.08,1.04,0.87,5.58,NA,NA,NA,0.107,0.006,0.01,4.36,0.01,0.75,0.63,0.03,1.7,1.99,13.07,0.017,0.007,G3,R_surface,281655.004,4871175.786
DG-079,42_4_d2,2019-07-12T00:00:00Z,1899-12-31T14:49:00Z,pump,5.94,18.41,0.83,0.26,0.1,0.05,0.74,0.51,3.93,NA,NA,NA,0.046,0.002,0.04,1.37,0.03,0.54,0.17,0.02,1.06,1.39,7.93,0.016,0.027,G3,deep_intoC,281655.033,4871176.429
DG-080,52_4_d1,2019-07-12T00:00:00Z,1899-12-31T11:57:00Z,pump,6.67,50.5,1.33,0.23,0.05,0.13,0.6,0.77,4.37,NA,NA,NA,0.011,0.007,0.03,3.27,0.02,0.74,1.18,0.14,3.84,1.57,11.02,0.024,0.001,G4,R_surface,281789.7025,4871168.696
DG-081,52_4_d2,2019-07-12T00:00:00Z,1899-12-31T11:23:00Z,pump,6.58,50.4,0.44,0.15,0.04,0.07,0.51,0.45,4.22,NA,NA,NA,0.008,0.011,0.04,4.65,0.03,0.66,1.62,0.01,1.69,1.5,13.02,0.031,0.003,G3,deep_intoC,281762.5976,4871095.145
DG-082,86_3_d2,2019-07-12T00:00:00Z,1899-12-31T10:24:00Z,pump,4.95,16.72,5.06,0.29,0.17,0.04,0.53,0.38,3.78,NA,NA,NA,0.033,0.001,0.47,0.53,0.02,0.27,0.18,0.07,0.74,1.29,5.26,0.006,0.015,G2,R_surface,281858.8713,4870633.421
DG-083,K1d,2019-07-12T00:00:00Z,1899-12-31T15:37:00Z,pump,5.9,18.43,0.87,0.14,0.05,0.04,0.51,0.27,2.95,NA,NA,NA,0.026,0.001,0.01,1.35,0,0.24,0.28,0.01,1.12,0.99,8.03,0.008,0.061,G5,deep_intoC,281686.6880,4871076.5000
DG-084,V2,2019-07-12T00:00:00Z,1899-12-31T14:21:00Z,pump,5.11,10.83,2.25,0.3,0.16,0.02,0.47,0.55,1.76,NA,NA,NA,0.018,0.001,0.25,0.22,0.01,0.2,0.07,0.17,0.54,0.6,3,0.001,0.03,G2,deep_intoC,281641.4801,4871207.708
DG-085,42_4_d1,2019-07-16T00:00:00Z,1899-12-31T12:50:00Z,pump,6.41,41,0.4,0.28,0.07,0.05,0.63,0.87,5.28,NA,NA,NA,0.022,0.005,0.04,4.63,0.03,0.59,0.63,0.01,1.44,1.84,12.89,0.017,0.018,G3,R_surface,281655.004,4871175.786
DG-086,42_4_d2,2019-07-16T00:00:00Z,1899-12-31T12:53:00Z,pump,5.75,16.41,0.42,0.13,0.01,0.05,0.54,0.47,3.87,NA,NA,NA,0.006,0.002,0.01,1.29,0,0.48,0.15,0.02,1,1.34,7.81,0.016,0.05,G3,deep_intoC,281655.033,4871176.429
DG-087,52_4_d1,2019-07-16T00:00:00Z,1899-12-31T10:57:00Z,pump,6.75,59.4,1.16,0.27,0.06,0.11,0.64,0.89,4.73,NA,NA,NA,0.008,0.007,0.26,5.33,0.16,1,1.88,0.09,3.9,1.65,12.9,0.039,0.014,G4,R_surface,281789.7025,4871168.696
DG-088,52_4_d2,2019-07-16T00:00:00Z,1899-12-31T10:28:00Z,pump,6.59,48.9,0.31,0.15,0.01,0.08,0.56,0.6,4.67,NA,NA,NA,0.008,0.016,0.01,4.52,0.01,0.61,1.66,0,1.9,1.67,14.79,0.032,0.003,G3,deep_intoC,281762.5976,4871095.145
DG-089,86_3_d2,2019-07-26T00:00:00Z,1899-12-31T09:53:00Z,pump,4.83,17.96,4.63,0.2,0.1,0.03,0.44,0.4,4.47,NA,NA,NA,0.009,0.001,0.72,0.54,0.03,0.33,0.16,0.1,0.68,1.54,5.27,0.006,0.018,G2,R_surface,281858.8713,4870633.421
DG-090,K1d,2019-07-16T00:00:00Z,1899-12-31T13:56:00Z,pump,5.85,17.5,0.54,0.08,0.04,0.04,0.44,0.16,2.82,NA,NA,NA,0.006,0.001,0.01,1.32,0.01,0.22,0.27,0.02,1.07,0.96,7.88,0.008,0.078,G5,deep_intoC,281686.6880,4871076.5000
DG-091,V2,2019-07-16T00:00:00Z,1899-12-31T13:02:00Z,pump,5.09,9.41,1.59,0.18,0.04,0.01,0.36,0.6,1.95,NA,NA,NA,0.008,0.001,0.23,0.14,0.01,0.14,0.04,0.07,0.47,0.66,3.18,0.001,0.044,G2,deep_intoC,281641.4801,4871207.708
DG-092,42_4_d1,2019-07-23T00:00:00Z,1899-12-31T13:45:00Z,pump,6.28,40.8,0.37,0.25,0.02,0.05,0.56,0.88,5.13,NA,NA,NA,0.034,0.009,0.02,4.61,0.02,0.55,0.64,0.01,1.44,1.84,13.02,0.018,0.004,G3,R_surface,281655.004,4871175.786
DG-093,42_4_d2,2019-07-23T00:00:00Z,1899-12-31T13:27:00Z,pump,5.74,18.33,0.65,0.28,0.13,0.04,0.76,0.51,4.01,NA,NA,NA,0.028,0.002,0.01,1.22,0.01,0.56,0.15,0.03,1.03,1.41,8.01,0.016,0.004,G3,deep_intoC,281655.033,4871176.429
DG-094,52_4_d1,2019-07-23T00:00:00Z,1899-12-31T12:32:00Z,pump,6.44,46.9,1.05,0.23,0.05,0.1,0.66,0.76,4.09,NA,NA,NA,0.013,0.006,0.22,3.75,0.16,0.78,1.41,0.05,2.7,1.45,11.85,0.029,0.003,G4,R_surface,281789.7025,4871168.696
DG-095,52_4_d2,2019-07-23T00:00:00Z,1899-12-31T12:18:00Z,pump,6.53,49.1,0.29,0.13,0.01,0.07,0.56,0.54,4.59,NA,NA,NA,0.004,0.018,0.02,4.66,0.02,0.65,1.69,0,1.94,1.56,14.99,0.031,0.002,G3,deep_intoC,281762.5976,4871095.145
DG-096,86_3_d2,2019-07-23T00:00:00Z,1899-12-31T09:23:00Z,pump,4.95,15.23,4,0.25,0.09,0.04,0.5,0.64,3.34,NA,NA,NA,0.01,0.002,0.41,0.48,0.04,0.36,0.15,0.03,0.74,1.05,5.34,0.007,0.013,G2,R_surface,281858.8713,4870633.421
DG-097,K1d,2019-07-23T00:00:00Z,1899-12-31T14:24:00Z,pump,5.69,18.12,0.59,0.13,0.09,0.04,0.44,0.17,2.83,NA,NA,NA,0.004,0.002,0.02,1.36,0,0.22,0.27,0.02,1.1,0.94,7.93,0.009,0.03,G5,deep_intoC,281686.6880,4871076.5000
DG-098,42_4_d1,2019-07-30T00:00:00Z,1899-12-31T13:25:00Z,pump,6.29,38.8,0.29,0.23,0.01,0.04,0.52,0.88,5.14,NA,NA,NA,0.016,0.007,0,4.17,0,0.52,0.63,0.01,1.44,1.81,12.92,0.018,0.015,G3,R_surface,281655.004,4871175.786
DG-099,42_4_d2,2019-07-30T00:00:00Z,1899-12-31T12:53:00Z,pump,5.77,17.21,0.35,0.18,0.05,0.04,0.44,0.53,3.94,NA,NA,NA,0.013,0.002,0.01,1.12,0,0.42,0.14,0.02,0.83,1.42,7.93,0.015,0.001,G3,deep_intoC,281655.033,4871176.429
DG-100,52_4_d1,2019-07-30T00:00:00Z,1899-12-31T12:12:00Z,pump,6.69,51,0.8,0.26,0.08,0.1,0.69,0.73,4.14,NA,NA,NA,0.015,0.007,0.09,4.11,0.07,0.9,1.61,0.07,2.32,1.48,11.66,0.032,0.002,G4,R_surface,281789.7025,4871168.696
DG-101,52_4_d2,2019-07-30T00:00:00Z,1899-12-31T11:46:00Z,pump,6.52,49,0.33,0.17,0.04,0.07,0.47,0.58,4.61,NA,NA,NA,0.003,0.016,0.05,4.39,0.04,0.62,1.58,0,1.8,1.58,14.95,0.03,0.012,G3,deep_intoC,281762.5976,4871095.145
DG-102,86_3_d2,2019-07-30T00:00:00Z,1899-12-31T09:52:00Z,pump,4.95,16.66,3.29,0.23,0.1,0.04,0.46,0.56,4.36,NA,NA,NA,0.006,0.001,0.28,0.62,0.05,0.31,0.17,0.03,0.71,1.5,5.9,0.008,0.018,G2,R_surface,281858.8713,4870633.421
DG-103,K1d,2019-07-30T00:00:00Z,1899-12-31T14:20:00Z,pump,5.94,18.35,0.64,0.13,0.07,0.04,0.51,0.18,2.59,NA,NA,NA,0.013,0.001,0.02,1.32,0,0.24,0.26,0.02,1.11,0.91,7.89,0.008,0.013,G5,deep_intoC,281686.6880,4871076.5000
DG-104,42_4_d1,2019-09-06T00:00:00Z,1899-12-31T11:30:00Z,pump,5.06,11.4,1.9487286245435782,0.2869224859803414,0.0540934635165297,0.019408771694825133,0.3173163754618298,0.9527050085183181,1.5958345560229494,0.14436207383386104,0.006129714160639272,0.13823235967322178,0.017616140210739373,0.0014579260961533006,0.2506825025841235,0.18307289709498814,4.596710274781257e-4,0.17393443455956162,0.06309317778633518,0.3752086846605727,0.5351459958393094,0.5315693377653403,3.38977145362604,0.001417175,0.06365149961800917,G3,R_surface,281655.004,4871175.786
DG-104,86_3_d2,2020-01-28T00:00:00Z,1899-12-31T10:05:00Z,pump,4.9,16.63,4.2055416630459215,0.3835536745404017,0.109397363910487,0.017058477661354945,0.5437809492255594,1.131586203860962,3.573505848047919,NA,NA,NA,0.01853476327447455,0.001982216008952161,0.793056466998376,0.4448109965314979,0.03813854135840741,0.2603798055624962,0.14350584754591214,0.02333256138330983,0.6770662120019691,1.077297800851109,5.10859411741789,0.006394475413645651,0.014138228008605182,G2,R_surface,281858.8713,4870633.421
DG-105,52_4_d1,2020-01-28T00:00:00Z,1899-12-31T11:00:00Z,pump,6.849999999999999,63,1.8070509937557921,0.2866270947479671,0.0818965135489894,0.11516630613126114,0.5324649305996075,0.8752908813452167,4.56749687425191,NA,NA,NA,0.007005291943805159,0.008805752430473966,0.27999194848002357,5.310737652138382,0.15272845765914064,0.9027782537007238,1.9175013365147215,0.040893276274903814,4.469430360562352,1.3725286744161276,12.9007931156227,0.03899294828954772,0.006642565039286967,G4,R_surface,281789.7025,4871168.696
DG-105,42_4_d2,2020-07-01T00:00:00Z,1899-12-31T11:04:00Z,pump,5.7,NA,6.08603153983873,0.20465115912837178,0.0683227717822226,0.06621522976817476,0.44454130150688576,0.5757940828300947,3.767944873496768,0.03103907457370181,0.011376031719446723,0.01966304285425509,0.006258425456422911,0.001632470765174337,0.016006097101831308,1.1819893734746556,0.002551395080097366,0.607254514101303,0.15450296343016748,0.04432792393518583,0.9024694674357772,1.2584415752897409,6.85375862450853,0.020585972361398013,0.015366419510412847,G3,deep_intoC,281655.033,4871176.429
DG-106,52_4_d2,2020-01-28T00:00:00Z,1899-12-31T10:44:00Z,pump,6.73,46.2,0.33795390516111945,0.13060567713336432,0.0202763180554424,0.06826856143910973,0.48562488928068254,0.4735335855823341,4.755951090763584,NA,NA,NA,0.0033597022737648606,0.013515175008510806,0.019807423993804696,4.556227631002789,0.008904993006002372,0.6515989899965315,1.6408534452422914,3.768549315743678e-4,2.1812594322452936,1.4277778905882845,14.8812157558411,0.032421283292250996,0.06264075627204316,G3,deep_intoC,281762.5976,4871095.145
DG-106,42_4_d1,2020-07-01T00:00:00Z,1899-12-31T11:32:00Z,pump,6.34,30.3,0.7579370437625168,0.23445273117620502,0.0250325969154017,0.06195455900634742,0.5230709308336501,0.8644624885080797,5.175371081889711,0.031244116227480672,-0.0015929417325358693,0.03283705796001654,0.014140942813254488,0.011224683118608848,-0.00303253524999392,2.9342195298448908,-0.0036420597242004162,0.5266065529309016,0.6798472636137031,8.038540578160809e-4,1.625623009957973,1.6829981320842924,12.5999861704316,0.020580154609742423,0.01660866637969493,G3,R_surface,281655.004,4871175.786
DG-107,42_4_d1,2020-01-28T00:00:00Z,1899-12-31T12:47:00Z,pump,6.69,35.2,0.44342312102853826,0.20221904757829703,0.00645661910317351,0.04485634310162524,0.4885435265374249,0.8284863113450605,5.005580779679739,NA,NA,NA,0.008610135396401392,0.010057126951849434,0.031460891964300026,3.6941136075647543,0.019472369768869433,0.4921487604921104,0.6320636235241108,0.002409610955351577,1.694645784094216,1.4822257517802016,12.4331220088896,0.018506439929999785,0.00675980157929623,G3,R_surface,281655.004,4871175.786
DG-107,52_4_d1,2020-07-01T00:00:00Z,1899-12-31T12:40:00Z,pump,6.7,48,0.9757389444295903,0.2173423228901867,0.0428732181906564,0.11580439010313451,0.7202470029577186,0.6913268255734849,4.196806374584328,0.0571596242734553,0.006866490104057052,0.05029313416939825,0.018300681756180118,0.00926254276951319,0.10138031770011424,4.543676619062792,0.07691271077172326,0.8234186680076083,1.8671563198329655,0.0036026445970937944,2.5563133787440995,1.3467979006999713,10.8953104576153,0.03949756072825485,0.008272752214470712,G4,R_surface,281789.7025,4871168.696
DG-108,42_4_d2,2020-01-28T00:00:00Z,1899-12-31T12:55:00Z,pump,5.98,15.72,0.28047749324426996,0.1412832490763106,0.0142845119170499,0.078172279365779,0.4691835545245625,0.5409883143731242,3.9736349415107575,NA,NA,NA,0.004791282217311867,0.005053859122484486,0.14923945580964595,1.2568817019493226,0.07708341053226597,0.4704618770393272,0.1775355820105287,0.0251071126590443,0.9583404165155058,1.2080274709624927,7.9921314198892,0.018060666974858974,0.021949507230056065,G3,deep_intoC,281655.033,4871176.429
DG-108,52_4_d2,2020-07-01T00:00:00Z,1899-12-31T13:08:00Z,pump,6.41,40.8,0.35586153501590734,0.08779046995373141,-0.00528823602658446,0.060924728108294246,0.4371296167967955,0.3871441786806069,4.117517094389786,0.02213231996892465,0.009576860726069036,0.012555459242855616,0.005624127914297582,0.014651813937964574,0.037081376714867637,4.2489073760473826,0.03430263891278821,0.6718917375073472,1.4921399945278193,9.363077840523266e-4,1.813188489681725,1.3080366131911814,12.5296902647485,0.03206315818216014,0.014539567572875117,G3,deep_intoC,281762.5976,4871095.145
DG-109,K1d,2020-01-28T00:00:00Z,1899-12-31T12:29:00Z,pump,5.76,13.59,0.48437506451929346,0.07989641520776868,0.0184773097671509,0.03678143825017921,0.3610723951755005,0.2583155393249418,2.6527650157759095,NA,NA,NA,0.00306648710460463,0.0018102224612258555,0.03806451408566278,1.0305610702914,0.0011839004343262589,0.13608981068542048,0.2307010570553772,0.011935115006378456,0.8942205324792012,0.8343841739505427,5.85242208315028,0.00860258192690535,0.013968073559956835,G5,deep_intoC,281686.6880,4871076.5000
DG-109,K1d,2020-07-01T00:00:00Z,1899-12-31T13:32:00Z,pump,5.9,17.7,0.5081908643309393,0.11094051242282771,0.0340741188303268,0.04437554915506022,0.5030102635846555,0.3065218839036526,2.9287351080636466,0.025305248935358154,-0.005064668363648984,0.030369917299007138,0.007624122880455726,0.0025212580476368287,0.0011296498314259124,1.4995862433586549,0.0017707554107333646,0.26262994905250236,0.30663857332021344,0.007770570171767238,1.1839190188648967,0.942967011114783,7.84657003556626,0.013079849733373314,0.08055786745851365,G5,deep_intoC,281686.6880,4871076.5000
DG-110,86_3_d2,2020-07-01T00:00:00Z,1899-12-31T09:55:00Z,pump,4.96,18.1,3.269126957877914,0.3890129755611653,0.0961565300858225,0.04115550343409829,0.5337347879676274,1.2312048088225473,4.474915179127877,0.294553078625259,0.0359996444935406,0.2585534341317184,0.01473138768580079,0.002240278769116512,0.4289938527593342,0.7069430503094127,0.020847310957479406,0.37576717841029483,0.18567516062016035,0.039567966056551065,0.7865727258894359,1.4289673490116048,6.2670099290178,0.014331332131517773,0.03123158380126005,G2,R_surface,281858.8713,4870633.421
DG-41,86_3_d2,2020-08-05T00:00:00Z,1899-12-31T09:56:00Z,pump,4.93,NA,5.24,0.65,0.35,0.28,1.79,1.09,4.07,NA,NA,NA,0.047,0.004,0.31,0.8,0.07,0.68,0.23,0.03,1.27,1.3,6.6,0.01,0.03,G2,R_surface,281858.8713,4870633.421
DG-42,52_4_d1,2020-08-05T00:00:00Z,1899-12-31T11:15:00Z,pump,6.67,NA,1.04,0.21,0.06,0.13,0.68,0.58,4.62,NA,NA,NA,0.021,0.008,0.17,5.35,0.12,1.07,2.26,0.01,2.64,1.48,11.94,0.05,0.05,G4,R_surface,281789.7025,4871168.696
DG-43,52_4_d2,2020-08-05T00:00:00Z,1899-12-31T11:41:00Z,pump,6.38,NA,0.41,0.1,0,0.08,0.46,0.41,4.86,NA,NA,NA,0.012,0.025,0.81,4.79,0.65,0.99,1.88,0.01,2.02,1.58,18.44,0.03,0.04,G3,deep_intoC,281762.5976,4871095.145
DG-44,42_4_d1,2020-08-05T00:00:00Z,1899-12-31T13:25:00Z,pump,6.25,NA,1.17,0.46,0.15,0.06,1.11,1.04,5.46,NA,NA,NA,0.066,0.016,0.04,2.7,0.03,0.84,0.69,0,2.02,1.75,12.72,0.02,0.04,G3,R_surface,281655.004,4871175.786
DG-45,42_4_d2,2020-08-05T00:00:00Z,1899-12-31T13:55:00Z,pump,5.71,NA,0.97,0.38,0.1,0.08,0.92,0.89,4.51,NA,NA,NA,0.08,0.007,0.18,1.31,0.13,0.8,0.21,0.05,1.12,1.44,8.46,0.02,0.02,G3,deep_intoC,281655.033,4871176.429
SG-001,42_2_s1,2019-06-06T00:00:00Z,1899-12-31T14:36:00Z,pump,4.54,15.12,13.78,0.3,0.28,0.02,0.23,0.04,0.67,0.405,0.158,0.247,0.011,0.017,0.6,0.17,0.27,0.09,0.06,0.07,0.36,0.23,2.28,0.002,0.013,G1,shallow,281626.546,4871231.05
SG-002,42_3_s1,2019-06-06T00:00:00Z,1899-12-31T14:06:00Z,pump,4.76,11.32,7.73,0.27,0.19,0.02,0.33,0.31,1.09,0.302,0.084,0.217,0.013,0.025,0.45,0.14,0.09,0.1,0.06,0.08,0.38,0.34,2.15,0.002,0.006,G2,shallow,281637.4851,4871215.022
SG-003,42_4_s1,2019-06-06T00:00:00Z,1899-12-31T14:50:00Z,pump,5.2,10.26,1.07,0.11,0.07,0.02,0.51,0.17,2.39,0.06,0.006,0.054,0.008,0.001,0.09,0.39,0,0.15,0.08,0.03,0.69,0.78,3.21,0.004,0.011,G3,shallow,281660.3829,4871158.234
SG-006,52_2_s1,2019-06-06T00:00:00Z,1899-12-31T12:25:00Z,pump,4.77,10.46,7.3,0.21,0.19,0.01,0.27,0.01,1.03,0.312,0.086,0.226,0.012,0.001,0.48,0.17,0.08,0.07,0.06,0.03,0.36,0.33,2.18,0.002,0.001,G1,shallow,281790.4303,4871243.602
SG-007,52_3_s1,2019-06-06T00:00:00Z,1899-12-31T12:14:00Z,pump,4.76,10.31,7.07,0.22,0.19,0.02,0.29,0.03,1.18,0.289,0.08,0.209,0.018,0.002,0.43,0.19,0.08,0.05,0.07,0.02,0.39,0.4,2.23,0.002,0,G2,shallow,281790.3689,4871221.759
SG-008,52_4_s1,2019-06-06T00:00:00Z,1899-12-31T11:57:00Z,pump,4.88,10.78,3.73,0.17,0.11,0.02,0.27,0.22,1.62,0.219,0.041,0.178,0.007,0.001,0.34,0.22,0.03,0.13,0.07,0.01,0.48,0.55,2.73,0.003,0.012,G2,shallow,281788.928,4871187.1
SG-011,86_3_s1,2019-06-06T00:00:00Z,1899-12-31T08:50:00Z,pump,4.87,12.28,7.39,0.27,0.16,0.02,0.53,0.43,1.88,0.363,0.093,0.271,0.013,0.001,0.64,0.53,0.04,0.17,0.17,0.01,0.6,0.62,4.1,0.006,0.007,G2,shallow,281846.3742,4870628.727
SG-012,86_4_s1,2019-06-06T00:00:00Z,1899-12-31T08:45:00Z,pump,5.37,11.22,5.63,0.19,0.18,0.06,0.63,0,1.83,0.15,0.052,0.097,0.01,0.001,0.42,0.21,0.19,0.3,0.04,0.05,1.45,0.6,4.94,0.004,0.045,G3,shallow,281815.4747,4870632.36
SG-014,N1,2019-06-06T00:00:00Z,1899-12-31T13:12:00Z,pump,4.39,19.42,20.6,0.5,0.47,0.03,0.25,0.04,0.62,0.517,0.22,0.297,0.025,0.086,0.82,0.16,0.39,0.4,0.1,0.08,0.36,0.27,3.74,0.003,0.056,G1,shallow,281655.4060,4871219.0000
SG-016,A7,2019-06-06T00:00:00Z,1899-12-31T08:00:00Z,pump,5.02,11.48,3.74,0.22,0.14,0.02,0.5,0.27,2.2,0.246,0.039,0.207,0.013,0.001,0.44,0.27,0.04,0.1,0.07,0.01,0.66,0.75,4.72,0.005,0.006,G3,deep_intoC,281757.2500,4870606.0000
SG-017,D1,2019-06-06T00:00:00Z,1899-12-31T10:12:00Z,pump,5,11.26,3.58,0.11,0.1,0.03,0.33,0,2.11,0.177,0.038,0.139,0.008,0.001,0.3,0.3,0.03,0.06,0.1,0,0.65,0.7,4.8,0.006,0.001,G5,shallow,281751.0620,4870859.5000
SG-018,E4D,2019-06-06T00:00:00Z,1899-12-31T09:49:00Z,grab,4.64,13.69,10.42,0.26,0.21,0.02,0.28,0.18,1.23,0.393,0.133,0.26,0.008,0.001,0.65,0.23,0.09,0.11,0.11,0.01,0.44,0.45,3.01,0.004,0,1,stream,281791.7519,4870863.5
SG-019,E4B,2019-06-06T00:00:00Z,1899-12-31T10:05:00Z,grab,4.72,12.41,9.55,0.28,0.22,0.01,0.3,0.14,1.27,0.375,0.122,0.253,0.025,0.001,0.61,0.25,0.07,0.11,0.11,0.01,0.45,0.46,3.1,0.005,-0.001,1,stream,281741.5651,4870839.5
SG-020,PB25,2019-06-06T00:00:00Z,1899-12-31T11:05:00Z,grab,4.94,9.84,4.01,0.14,0.11,0.01,0.29,0.12,1.47,0.191,0.043,0.147,0.008,0.002,0.31,0.22,0.01,0.06,0.07,0.02,0.43,0.51,2.83,0.004,0.001,1,stream,281791.7747,4871126.775
SG-021,PB26,2019-06-06T00:00:00Z,1899-12-31T11:10:00Z,grab,4.81,10.69,4.4,0.2,0.14,0.01,0.29,0.22,1.39,0.192,0.045,0.146,0.011,0.001,0.29,0.2,0.02,0.09,0.06,0.02,0.47,0.48,2.65,0.004,0.009,1,stream,NA,NA
SG-022,PB27,2019-06-06T00:00:00Z,1899-12-31T11:18:00Z,grab,4.71,11.2,5.86,0.2,0.15,0.01,0.26,0.16,1.22,0.275,0.069,0.206,0.01,0.002,0.41,0.15,0.04,0.06,0.06,0.02,0.39,0.43,2.54,0.004,0.002,1,stream,281795.5,4871172.805
SG-023,PB28,2019-06-06T00:00:00Z,1899-12-31T12:08:00Z,grab,4.6,13.06,8.34,0.21,0.19,0.02,0.21,0.01,0.98,0.309,0.1,0.209,0.014,0.002,0.46,0.11,0.08,0.04,0.05,0.02,0.36,0.36,2.2,0.003,0,1,stream,281795.5,4871212.357
SG-024,S24,2019-06-06T00:00:00Z,1899-12-31T15:20:00Z,grab,5.53,8.97,1.77,0.08,0.06,0.02,0.46,0.02,2.07,0.041,0.009,0.032,0.018,0.002,0.08,0.42,0,0.12,0.11,0.01,0.75,0.69,4.95,0.005,0.001,1,stream,281691.5,4871020.796
SG-025,W4C,2019-06-06T00:00:00Z,1899-12-31T15:22:00Z,grab,5.51,9.02,1.31,0.09,0.08,0.02,0.42,0.06,2.18,0.047,0.007,0.04,0,0.001,0.1,0.42,0,0.07,0.11,0.01,0.63,0.71,4.47,0.006,0.003,1,stream,281695.5545,4870998.446
SG-026,Weir3,2019-06-06T00:00:00Z,1899-12-31T07:25:00Z,grab,5.54,8.83,3.5,0.12,0.11,0.02,0.37,0.04,1.9,0.103,0.029,0.074,0.005,0,0.2,0.46,0.01,0.11,0.13,0,0.69,0.62,4.61,0.006,0.003,6,weir,NA,NA
SG-027,Weir3,2019-06-06T00:00:00Z,1899-12-31T15:58:00Z,grab,5.59,8.86,3.42,0.14,0.12,0.02,0.42,0.03,1.99,0.096,0.03,0.067,0.018,0.002,0.19,0.45,0.01,0.1,0.13,0,0.68,0.65,4.77,0.006,0.003,6,weir,NA,NA
SG-028,42_2_s1,2019-06-11T00:00:00Z,1899-12-31T15:53:00Z,pump,4.43,16.71,14.43,0.36,0.35,0.03,0.37,0.02,0.61,0.402,0.156,0.246,0.012,0.018,0.57,0.17,0.28,0.11,0.06,0.08,0.44,0.24,2.19,0.004,0.024,G1,shallow,281626.546,4871231.05
SG-029,42_3_s1,2019-06-11T00:00:00Z,1899-12-31T16:10:00Z,pump,4.67,12.74,8.35,0.3,0.23,0.02,0.44,0.3,1.01,0.325,0.092,0.233,0.008,0.028,0.5,0.16,0.1,0.1,0.06,0.09,0.36,0.35,2.02,0.003,0.011,G2,shallow,281637.4851,4871215.022
SG-030,42_4_s1,2019-06-11T00:00:00Z,1899-12-31T17:00:00Z,pump,5.17,9.83,1.1,0.08,0.05,0.02,0.39,0.11,2.15,0.062,0.006,0.056,0.001,0,0.11,0.35,0,0.14,0.07,0.03,0.58,0.71,2.96,0.005,0.036,G3,shallow,281660.3829,4871158.234
SG-033,52_2_s1,2019-06-11T00:00:00Z,1899-12-31T15:37:00Z,pump,4.78,10.67,7.76,0.22,0.19,0.02,0.34,0.04,0.99,0.269,0.089,0.18,0.014,0.002,0.41,0.24,0.07,0.1,0.07,0.04,0.42,0.33,1.9,0.004,0.015,G1,shallow,281790.4303,4871243.602
SG-034,52_3_s1,2019-06-11T00:00:00Z,1899-12-31T15:31:00Z,pump,4.65,12.53,7.55,0.21,0.19,0.02,0.34,0.05,1.17,0.286,0.086,0.2,0.008,0.001,0.42,0.12,0.08,0.06,0.05,0.02,0.4,0.39,1.98,0.003,0,G2,shallow,281790.3689,4871221.759
SG-035,52_4_s1,2019-06-11T00:00:00Z,1899-12-31T15:18:00Z,pump,4.87,11.05,4.1,0.2,0.13,0.01,0.34,0.27,1.52,0.262,0.047,0.215,0.003,0.001,0.41,0.2,0.02,0.1,0.07,0.01,0.41,0.54,2.66,0.004,0.004,G2,shallow,281788.928,4871187.1
SG-038,86_3_s1,2019-06-11T00:00:00Z,1899-12-31T12:59:00Z,pump,4.81,13.07,7.52,0.4,0.17,0.02,0.46,0.95,1.79,0.397,0.101,0.296,0.015,0.001,0.75,0.46,0.08,0.16,0.15,0.01,0.65,0.61,3.93,0.006,0.005,G2,shallow,281846.3742,4870628.727
SG-039,86_4_s1,2019-06-11T00:00:00Z,1899-12-31T12:49:00Z,pump,5.02,11.17,4.57,0.21,0.12,0.04,0.43,0.36,1.96,0.215,0.051,0.163,0.006,0,0.35,0.4,0.02,0.2,0.08,0.01,0.69,0.65,4.79,0.005,0.058,G3,shallow,281815.4747,4870632.36
SG-041,PB25,2019-06-11T00:00:00Z,1899-12-31T15:07:00Z,grab,4.9,10.07,4.16,0.2,0.13,0.01,0.33,0.26,1.37,0.248,0.047,0.201,0.011,0.001,0.37,0.23,0.01,0.07,0.07,0.02,0.43,0.51,2.61,0.004,0.01,1,stream,281791.7747,4871126.775
SG-042,PB27,2019-06-11T00:00:00Z,1899-12-31T15:03:00Z,grab,4.69,12.22,6.15,0.24,0.18,0.01,0.32,0.19,1.23,0.31,0.073,0.237,0.012,0.001,0.44,0.16,0.04,0.07,0.06,0.02,0.38,0.43,2.32,0.004,0.004,1,stream,281795.5,4871172.805
SG-043,PB28,2019-06-11T00:00:00Z,1899-12-31T14:57:00Z,grab,4.55,13.97,8.64,0.24,0.23,0.01,0.32,0.04,1.07,0.324,0.102,0.222,0.007,0.001,0.46,0.1,0.08,0.03,0.05,0.02,0.35,0.36,1.95,0.003,-0.002,1,stream,281795.5,4871212.357
SG-044,S24,2019-06-11T00:00:00Z,1899-12-31T17:08:00Z,grab,5.47,8.94,1.58,0.05,0.05,0.02,0.46,0.02,1.97,0.044,0.01,0.035,0.003,0,0.08,0.4,0,0.08,0.11,0.01,0.8,0.68,4.82,0.005,0.038,1,stream,281691.5,4871020.796
SG-045,W4C,2019-06-11T00:00:00Z,1899-12-31T17:10:00Z,grab,5.54,8.73,1.46,0.07,0.05,0.02,0.43,0.07,2.07,0.048,0.011,0.037,0.003,0,0.09,0.44,0,0.07,0.11,0.01,0.62,0.69,4.33,0.006,0.001,1,stream,281695.5545,4870998.446
SG-046,Weir3,2019-06-11T00:00:00Z,1899-12-31T12:03:00Z,grab,5.65,8.44,3.82,0.11,0.09,0.02,0.37,0.06,1.86,0.118,0.037,0.082,0.004,0.001,0.23,0.47,0.01,0.1,0.14,0,0.64,0.62,4.46,0.006,-0.001,6,weir,NA,NA
SG-047,Weir3,2019-06-11T00:00:00Z,1899-12-31T17:39:00Z,grab,5.67,8.43,3.44,0.09,0.07,0.02,0.38,0.04,1.94,0.093,0.023,0.07,0.007,0.001,0.22,0.48,0.01,0.09,0.14,0.01,0.66,0.65,4.65,0.006,0,6,weir,NA,NA
SG-048,52_3_s1,2019-06-18T00:00:00Z,1899-12-31T12:31:00Z,pump,4.69,12.25,6.88,0.22,0.19,0.02,0.37,0.05,1.16,0.284,0.084,0.2,0.015,0.003,0.42,0.14,0.14,0.06,0.06,0.02,0.46,0.36,2.25,0,0,G2,shallow,281790.3689,4871221.759
SG-049,52_4_s1,2019-06-18T00:00:00Z,1899-12-31T12:00:00Z,pump,4.89,11.41,4.02,0.16,0.12,0.03,0.56,0.13,1.85,0.189,0.04,0.149,0.009,0.001,0.35,0.28,0.03,0.17,0.09,0.02,0.58,0.55,2.89,0,0.01,G2,shallow,281788.928,4871187.1
SG-050,A7,2019-06-18T00:00:00Z,1899-12-31T09:45:00Z,pump,4.96,11.54,3.03,0.11,0.05,0.03,0.37,0.22,2.64,0.254,0.027,0.227,0.013,0.001,0.42,0.29,0.02,0.06,0.07,0.01,0.62,0.83,5.07,0,0,G3,deep_intoC,281757.2500,4870606.0000
SG-051,D1,2019-06-18T00:00:00Z,1899-12-31T14:14:00Z,pump,4.95,12.3,3.61,0.17,0.15,0.03,0.47,0.03,2.39,0.203,0.033,0.17,0.018,0.001,0.33,0.31,0.03,0.11,0.11,0,0.74,0.72,4.81,0,0,G5,shallow,281751.0620,4870859.5000
SG-052,E4D,2019-06-18T00:00:00Z,1899-12-31T14:09:00Z,grab,4.7,12.74,7.34,0.17,0.14,0.02,0.3,0.09,1.93,0.284,0.084,0.2,0.008,0.001,0.43,0.25,0.04,0.08,0.1,0.01,0.55,0.57,3.35,0,0.01,1,stream,281791.7519,4870863.5
SG-053,E4B,2019-06-18T00:00:00Z,1899-12-31T14:12:00Z,grab,4.79,11.78,6.34,0.16,0.14,0.02,0.32,0.06,1.93,0.268,0.07,0.198,0.006,0.001,0.44,0.24,0.03,0.07,0.1,0.01,0.53,0.58,3.53,0,0,1,stream,281741.5651,4870839.5
SG-054,PB25,2019-06-18T00:00:00Z,1899-12-31T11:32:00Z,grab,4.99,10.3,2.88,0.13,0.07,0.02,0.37,0.18,2.12,0.129,0.024,0.105,0.02,0.001,0.22,0.31,0.01,0.06,0.09,0.02,0.53,0.62,3.31,0,0,1,stream,281791.7747,4871126.775
SG-055,S24,2019-06-18T00:00:00Z,1899-12-31T13:51:00Z,grab,5.46,9.81,1.33,0.05,0.03,0.02,0.45,0.06,2.29,0.038,0.005,0.033,0.006,0.001,0.07,0.49,0,0.06,0.13,0.01,0.78,0.69,4.89,0,0,1,stream,281691.5,4871020.796
SG-056,W4C,2019-06-18T00:00:00Z,1899-12-31T13:54:00Z,grab,5.64,9.64,1.32,0.07,0.05,0.02,0.37,0.08,2.41,0.031,0.005,0.026,0.008,0.001,0.07,0.54,0,0.07,0.15,0.01,0.73,0.75,5.03,0,0,1,stream,281695.5545,4870998.446
SG-057,Weir3,2019-06-18T00:00:00Z,1899-12-31T08:36:00Z,grab,5.98,9.13,2.79,0.06,0.04,0.02,0.35,0.05,2.44,0.055,0.015,0.04,0.013,0.001,0.12,0.53,0,0.07,0.16,0,0.77,0.72,5.31,0,0,6,weir,NA,NA
SG-058,Weir3,2019-06-18T00:00:00Z,1899-12-31T14:36:00Z,grab,6.03,9.16,2.61,0.08,0.06,0.04,0.35,0.04,2.36,0.058,0.017,0.041,0.01,0.001,0.12,0.53,0,0.07,0.16,0,0.78,0.74,5.44,0,0,6,weir,NA,NA
SG-068,52_3_s1,2019-06-25T00:00:00Z,1899-12-31T12:22:00Z,pump,4.67,12.28,6.77,0.19,0.17,0.02,0.3,0.03,1.22,0.306,0.084,0.222,0.006,0.003,0.44,0.13,0.13,0.05,0.05,0.02,0.42,0.38,2.17,0,0,G2,shallow,281790.3689,4871221.759
SG-069,52_4_s1,2019-06-25T00:00:00Z,1899-12-31T12:07:00Z,pump,4.85,11.31,3.87,0.14,0.12,0.02,0.31,0.07,1.82,0.214,0.034,0.18,0.006,0.001,0.33,0.24,0.02,0.11,0.08,0.01,0.49,0.54,2.83,0,0.01,G2,shallow,281788.928,4871187.1
SG-070,D1,2019-06-25T00:00:00Z,1899-12-31T15:13:00Z,pump,5.03,11.53,0.47,0.05,0,0.04,0.39,0.21,3.92,0.008,0.001,0.008,0.002,0.003,0.03,1.67,0.03,0.37,0.26,0,1.11,1.24,9.55,0.01,0,G5,shallow,281751.0620,4870859.5000
SG-071,K8,2019-06-25T00:00:00Z,1899-12-31T14:08:00Z,pump,5.93,18.46,7.17,0.18,0.13,0.02,0.28,0.22,1.75,0.27,0.087,0.183,0.007,0.001,0.49,0.22,0.04,0.15,0.09,0.01,0.44,0.52,3.04,0,0,G4,deep_intoC,281684.7810,4871117.0000
SG-072,E4D,2019-06-25T00:00:00Z,1899-12-31T15:08:00Z,grab,4.72,12.22,6.4,0.16,0.13,0.02,0.29,0.08,1.83,0.274,0.081,0.192,0.005,0.001,0.43,0.24,0.03,0.1,0.09,0.01,0.48,0.56,3.3,0,0,1,stream,281791.7519,4870863.5
SG-073,E4B,2019-06-25T00:00:00Z,1899-12-31T15:06:00Z,grab,4.78,11.88,2.65,0.1,0.07,0.02,0.36,0.11,2.11,0.102,0.024,0.078,0.005,0.001,0.17,0.33,0,0.08,0.09,0.02,0.58,0.62,3.25,0,0.01,1,stream,281741.5651,4870839.5
SG-074,PB25,2019-06-25T00:00:00Z,1899-12-31T11:52:00Z,grab,5.03,10.33,2.47,0.09,0.06,0.02,0.34,0.11,1.99,0.129,0.021,0.108,0.006,0.001,0.2,0.3,0,0.08,0.08,0.02,0.48,0.6,3.17,0,0,1,stream,281791.7747,4871126.775
SG-075,PB26,2019-06-25T00:00:00Z,1899-12-31T11:49:00Z,grab,5.06,10.21,3.12,0.13,0.1,0.02,0.34,0.13,2.13,0.18,0.029,0.151,0.007,0.001,0.25,0.24,0.01,0.07,0.08,0.02,0.44,0.66,3.14,0,0.01,1,stream,NA,NA
SG-076,PB27,2019-06-25T00:00:00Z,1899-12-31T11:43:00Z,grab,4.94,11.65,1.38,0.06,0.04,0.02,0.38,0.05,2.23,0.032,0.009,0.022,0.008,0.001,0.05,0.49,0,0.06,0.13,0.01,0.7,0.68,4.63,0,0,1,stream,281795.5,4871172.805
SG-077,S24,2019-06-25T00:00:00Z,1899-12-31T14:38:00Z,grab,5.58,9.92,1.76,0.08,0.03,0.02,0.36,0.2,2.28,0.046,0.013,0.032,0.004,0.002,0.1,0.58,0,0.12,0.16,0.02,0.68,0.7,4.66,0,0,1,stream,281691.5,4871020.796
SG-078,W4C,2019-06-25T00:00:00Z,1899-12-31T14:42:00Z,grab,5.76,9.96,2.65,0.08,0.06,0.03,0.34,0.04,2.34,0.058,0.013,0.045,0.013,0.002,0.11,0.54,0,0.08,0.16,0,0.81,0.74,5.39,0,0.01,1,stream,281695.5545,4870998.446
SG-079,Weir3,2019-06-25T00:00:00Z,1899-12-31T08:26:00Z,grab,5.94,9.6,3.03,0.07,0.04,0.02,0.33,0.11,2.28,0.031,0.097,-0.066,0.006,0.002,0.13,0.57,0,0.12,0.17,0,0.74,0.68,5.01,0,0,6,weir,NA,NA
SG-080,Weir3,2019-06-25T00:00:00Z,1899-12-31T15:38:00Z,grab,5.93,9.53,2.47,0.06,0.04,0.03,0.35,0.08,2.86,0.045,0.012,0.032,0.004,0.003,0.1,0.71,0,0.1,0.2,0,0.85,0.88,6.13,0.01,0.01,6,weir,NA,NA
SG-081,E0A,2019-06-25T00:00:00Z,1899-12-31T08:34:00Z,grab,6.03,11.1,2.18,0.05,0.04,0.03,0.38,0.03,3.29,0.065,0.013,0.042,0.002,0.001,0.12,0.69,0,0.11,0.19,0.01,0.84,1.04,6.28,0.01,0,1,stream,NA,NA
SG-082,E0E,2019-06-25T00:00:00Z,1899-12-31T08:52:00Z,grab,5.45,12.88,6.37,0.26,0.16,0.03,0.35,0.39,2.1,0.069,0.036,0.033,0.007,0.023,0.1,1.62,0.1,0.31,0.26,0.01,0.97,0.65,7.78,0.01,0,1,stream,NA,NA
SG-083,Seep3a,2019-06-25T00:00:00Z,1899-12-31T14:06:00Z,grab,6.41,14.52,1.57,0.05,0.04,0.03,0.38,0.02,2.31,0.033,-0.006,0.039,0.003,0.001,0.03,0.51,0,0.06,0.13,0,0.7,0.68,4.57,0,0,4,seep,281700.723,4871089.361
SG-084,W4A,2019-06-25T00:00:00Z,1899-12-31T14:57:00Z,grab,5.98,8.9,1.26,0.04,0.03,0.02,0.37,0.03,2.29,0.038,0.015,0.023,0.001,0.001,0.05,0.52,0,0.05,0.13,0,0.65,0.68,4.38,0,0,1,stream,281704.9512,4870945.049
SG-085,W4B,2019-06-25T00:00:00Z,1899-12-31T14:39:00Z,grab,5.68,9.35,2.68,0.08,0.06,0.02,0.34,0.12,2.01,0.078,0.025,0.054,0.001,0.001,0.15,0.46,0,0.07,0.13,0.01,0.64,0.58,4.14,0,0.01,1,stream,281700.5,4870982.304
SG-086,PB18,2019-06-25T00:00:00Z,1899-12-31T15:15:00Z,grab,5.58,8.72,3.19,0.16,0.09,0.02,0.33,0.24,2.55,0.27,0.035,0.235,0.009,0.001,0.44,0.29,0.01,0.06,0.07,0.01,0.59,0.79,4.94,0,0,3,stream,281721.5,4870886.257
SG-087,A7,2019-06-25T00:00:00Z,1899-12-31T09:28:00Z,pump,4.98,11.91,3.44,0.09,0.08,0.03,0.33,0.01,2.33,0.178,0.031,0.147,0.006,0.001,0.33,0.3,0.03,0.04,0.11,0,0.66,0.71,4.87,0,0,G3,deep_intoC,281757.2500,4870606.0000
SG-088,52_3_s1,2019-07-02T00:00:00Z,1899-12-31T12:19:00Z,pump,4.63,12.16,7.25,0.2,0.18,0.02,0.32,0.04,1.22,0.308,0.091,0.217,0.007,0.002,0.44,0.14,0.17,0.06,0.06,0.02,0.42,0.39,2.33,0.002,0.004,G2,shallow,281790.3689,4871221.759
SG-089,52_4_s1,2019-07-02T00:00:00Z,1899-12-31T12:00:00Z,pump,4.8,12.45,3.91,0.16,0.14,0.02,0.37,0.05,1.88,0.253,0.043,0.21,0.007,0,0.4,0.23,0.02,0.08,0.08,0.01,0.46,0.58,2.89,0.002,0.008,G2,shallow,281788.928,4871187.1
SG-090,D1,2019-07-02T00:00:00Z,1899-12-31T14:30:00Z,pump,5.11,11.72,3.32,0.12,0.11,0.03,0.43,0.02,2.49,0.183,0.032,0.151,0.008,0,0.32,0.31,0.02,0.08,0.11,0,0.73,0.77,4.8,0.004,0.003,G5,shallow,281751.0620,4870859.5000
SG-091,K8,2019-07-02T00:00:00Z,1899-12-31T13:57:00Z,pump,5.92,18.96,0.56,0.09,0.03,0.04,0.59,0.22,4.09,0.01,0,0.01,0.011,0.004,0.03,1.63,0.03,0.4,0.26,0,1.14,1.31,9.12,0.014,0.012,G4,deep_intoC,281684.7810,4871117.0000
SG-092,E4D,2019-07-02T00:00:00Z,1899-12-31T14:34:00Z,grab,4.68,12.98,7.35,0.22,0.18,0.02,0.33,0.14,1.96,0.281,0.09,0.192,0.014,0.001,0.45,0.27,0.05,0.07,0.11,0.01,0.54,0.6,3.39,0.003,0.006,1,stream,281791.7519,4870863.5
SG-093,E4B,2019-07-02T00:00:00Z,1899-12-31T14:37:00Z,grab,4.77,12.87,6.46,0.17,0.15,0.02,0.31,0.06,1.99,0.242,0.073,0.169,0.01,0.001,0.41,0.26,0.03,0.07,0.1,0.01,0.57,0.6,3.51,0.003,0.009,1,stream,281741.5651,4870839.5
SG-094,PB25,2019-07-02T00:00:00Z,1899-12-31T11:01:00Z,grab,5.02,10.7,2.78,0.11,0.08,0.02,0.35,0.08,2.01,0.133,0.025,0.108,0.011,0.001,0.22,0.31,0.01,0.04,0.09,0.01,0.51,0.66,3.13,0.003,0.004,1,stream,281791.7747,4871126.775
SG-095,W4C,2019-07-02T00:00:00Z,1899-12-31T14:15:00Z,grab,5.65,10.61,1.3,0.09,0.07,0.02,0.4,0.09,2.39,0.034,0.005,0.029,0.005,0,0.07,0.57,0,0.08,0.15,0.01,0.76,0.76,4.89,0.004,0.005,1,stream,281695.5545,4870998.446
SG-096,Weir3,2019-07-02T00:00:00Z,1899-12-31T08:51:00Z,grab,6.01,9.85,2.4,0.1,0.08,0.03,0.35,0.04,2.44,0.051,0.013,0.038,0.005,0.001,0.12,0.54,0,0.06,0.16,0,0.78,0.76,5.31,0.004,0.002,6,weir,NA,NA
SG-097,E0A,2019-07-02T00:00:00Z,1899-12-31T08:54:00Z,grab,6.14,11.56,2.11,0.1,0.07,0.03,0.35,0.07,2.88,0.043,0.01,0.033,0.007,0,0.11,0.71,0,0.06,0.2,0,0.83,0.89,6.17,0.006,0.002,1,stream,NA,NA
SG-098,W4B,2019-07-02T00:00:00Z,1899-12-31T14:19:00Z,grab,5.54,10.99,1.12,0.07,0.05,0.02,0.42,0.03,2.37,0.026,0.003,0.023,0.009,0,0.06,0.61,0,0.05,0.16,0.01,0.75,0.73,4.68,0.005,0.004,1,stream,281700.5,4870982.304
SG-099,PB18,2019-07-02T00:00:00Z,1899-12-31T14:26:00Z,grab,5.59,8.97,2.56,0.12,0.1,0.02,0.35,0.08,2.11,0.077,0.02,0.058,0.005,0,0.16,0.41,0,0.03,0.12,0,0.68,0.64,4.43,0.003,0.004,3,stream,281721.5,4870886.257
SG-100,52_4_s1,2019-07-08T00:00:00Z,1899-12-31T11:47:00Z,pump,5.05,10.62,3.75,0.15,0.12,0.02,0.43,0.08,1.9,0.185,0.037,0.148,0.005,0.001,0.3,0.29,0.01,0.13,0.09,0.01,0.56,0.59,3.1,0.003,0.011,G2,shallow,281788.928,4871187.1
SG-101,D1,2019-07-08T00:00:00Z,1899-12-31T15:28:00Z,pump,5.3,11.72,3.25,0.17,0.16,0.03,0.5,0.02,2.54,0.126,0.03,0.095,0.012,0.001,0.25,0.35,0.04,0.13,0.11,0,0.81,0.78,4.3,0.005,0.011,G5,shallow,281751.0620,4870859.5000
SG-102,K8,2019-07-08T00:00:00Z,1899-12-31T14:16:00Z,pump,6.03,20,0.57,0.07,0.03,0.05,0.42,0.16,4.03,0.006,0.002,0.004,0.008,0.005,0.06,1.6,0.05,0.41,0.26,0,1.15,1.3,9.34,0.014,0.018,G4,deep_intoC,281684.7810,4871117.0000
SG-103,Weir3,2019-07-08T00:00:00Z,1899-12-31T09:21:00Z,grab,6.05,11.51,2.29,0.11,0.09,0.03,0.41,0.06,2.67,0.043,0.011,0.032,0.013,0.001,0.12,0.6,0,0.08,0.19,0,0.92,0.85,6.21,0.005,0.003,6,weir,NA,NA
SG-104,E0A,2019-07-08T00:00:00Z,1899-12-31T09:27:00Z,grab,6.12,12.69,2.12,0.1,0.07,0.04,0.39,0.1,3,0.04,0.012,0.028,0.011,0.002,0.12,0.75,0.02,0.11,0.23,0,0.93,0.96,6.87,0.006,0.004,1,stream,NA,NA
SG-105,42_2_s1,2019-07-12T00:00:00Z,1899-12-31T14:03:00Z,pump,4.43,17.21,14.67,0.33,0.31,0.02,0.22,0.01,0.51,0.4,0.25,0.15,0.021,0.016,0.53,0.22,0.28,0.1,0.06,0.07,0.43,0.28,2.68,0.002,0.02,G1,shallow,281626.546,4871231.05
SG-106,52_2_s1,2019-07-12T00:00:00Z,1899-12-31T12:37:00Z,pump,4.73,11.75,8.1,0.28,0.24,0.02,0.62,0.03,0.87,0.26,0.14,0.12,0.032,0.001,0.4,0.35,0.08,0.18,0.07,0.04,0.48,0.35,1.86,0.003,0.015,G1,shallow,281790.4303,4871243.602
SG-107,52_3_s1,2019-07-12T00:00:00Z,1899-12-31T12:24:00Z,pump,4.56,14.15,8.17,0.26,0.24,0.02,0.4,0.04,1.01,0.31,0.16,0.15,0.01,0.002,0.46,0.17,0.09,0.07,0.06,0.03,0.45,0.4,1.83,0.002,0.011,G2,shallow,281790.3689,4871221.759
SG-108,52_4_s1,2019-07-12T00:00:00Z,1899-12-31T12:09:00Z,pump,4.83,11.82,4.06,0.17,0.14,0.03,0.44,0.13,1.73,0.25,0.08,0.17,0.005,0.001,0.37,0.3,0.02,0.1,0.08,0.01,0.47,0.59,2.92,0.003,0.007,G2,shallow,281788.928,4871187.1
SG-109,86_3_s1,2019-07-12T00:00:00Z,1899-12-31T10:08:00Z,pump,4.75,14.03,7.78,0.39,0.2,0.05,0.53,0.71,1.86,0.34,0.14,0.19,0.025,0.001,0.57,0.64,0.04,0.22,0.17,0.01,0.75,0.64,3.74,0.006,0.016,G2,shallow,281846.3742,4870628.727
SG-110,86_4_s1,2019-07-12T00:00:00Z,1899-12-31T09:37:00Z,pump,5.14,15.1,5.75,0.6,0.26,0.05,0.92,1.19,2.11,0.17,0.09,0.08,0.072,0.001,0.37,0.78,0.04,0.38,0.13,0.01,1,0.72,5.01,0.005,0.038,G3,shallow,281815.4747,4870632.36
SG-111,N1,2019-07-12T00:00:00Z,1899-12-31T13:29:00Z,pump,4.74,17.7,16.96,0.75,0.48,0.04,0.8,0.88,0.87,0.47,0.29,0.18,0.066,0.09,0.73,0.39,0.39,0.78,0.22,0.17,0.67,0.4,5.92,0.004,0.444,G1,shallow,281655.4060,4871219.0000
SG-112,A7,2019-07-12T00:00:00Z,1899-12-31T09:15:00Z,pump,5.22,14.23,4.87,0.51,0.25,0.03,0.9,0.94,2.26,0.18,0.08,0.11,0.047,0.001,0.32,0.55,0.13,0.33,0.15,0.03,1.09,0.77,4.38,0.006,0.04,G3,deep_intoC,281757.2500,4870606.0000
SG-113,D1,2019-07-12T00:00:00Z,1899-12-31T15:55:00Z,pump,5.05,12.86,4.5,0.34,0.3,0.05,0.67,0.04,2.23,0.19,0.08,0.11,0.037,0,0.35,0.41,0.04,0.21,0.11,0.01,0.9,0.75,3.89,0.005,0.011,G5,shallow,281751.0620,4870859.5000
SG-114,K8,2019-07-12T00:00:00Z,1899-12-31T15:18:00Z,pump,5.94,18.86,0.63,0.12,0.08,0.04,0.51,0.14,4.1,0,0,0,0.014,0.001,0.04,1.55,0.02,0.39,0.26,0,1.14,1.41,9.31,0.013,0.004,G4,deep_intoC,281684.7810,4871117.0000
SG-115,E4D,2019-07-12T00:00:00Z,1899-12-31T15:53:00Z,grab,4.61,12.82,9.8,0.25,0.21,0.02,0.33,0.11,1.24,0.38,0.2,0.18,0.011,0.001,0.57,0.27,0.07,0.08,0.1,0.01,0.47,0.47,2.72,0.003,0.007,1,stream,281791.7519,4870863.5
SG-116,E4B,2019-07-12T00:00:00Z,1899-12-31T15:56:00Z,grab,4.64,13.19,9.24,0.22,0.2,0.02,0.29,0.09,1.27,0.35,0.19,0.16,0.005,0.001,0.55,0.27,0.05,0.07,0.1,0.01,0.45,0.49,2.77,0.003,0.006,1,stream,281741.5651,4870839.5
SG-117,PB25,2019-07-12T00:00:00Z,1899-12-31T11:52:00Z,grab,4.84,10.57,4.15,0.14,0.12,0.01,0.4,0.08,1.5,0.22,0.09,0.13,0.005,0,0.32,0.25,0.01,0.04,0.06,0.02,0.43,0.52,2.68,0.003,0.004,1,stream,281791.7747,4871126.775
SG-118,PB26,2019-07-12T00:00:00Z,1899-12-31T11:46:00Z,grab,4.82,10.68,4.05,0.15,0.13,0.01,0.35,0.08,1.45,0.23,0.09,0.14,0.007,0.001,0.34,0.24,0.01,0.03,0.06,0.02,0.42,0.52,2.57,0.003,0.005,1,stream,NA,NA
SG-119,PB27,2019-07-12T00:00:00Z,1899-12-31T11:39:00Z,grab,4.62,12.76,6.55,0.24,0.21,0.01,0.35,0.07,1.19,0.31,0.13,0.18,0.012,0.001,0.43,0.16,0.04,0.03,0.05,0.02,0.34,0.45,2.22,0.002,0.004,1,stream,281795.5,4871172.805
SG-120,S24,2019-07-12T00:00:00Z,1899-12-31T15:29:00Z,grab,5.42,9.35,1.68,0.06,0.05,0.02,0.4,0.01,1.94,0.05,0.01,0.03,0.005,0,0.09,0.46,0,0.02,0.11,0.01,0.67,0.67,4.13,0.004,0.005,1,stream,281691.5,4871020.796
SG-121,W4C,2019-07-12T00:00:00Z,1899-12-31T15:32:00Z,grab,5.55,9.09,1.52,0.08,0.07,0.02,0.39,0.03,2.09,0.04,0.02,0.02,0.007,0,0.1,0.53,0,0.05,0.13,0.01,0.63,0.68,3.87,0.005,0.005,1,stream,281695.5545,4870998.446
SG-122,Weir3,2019-07-12T00:00:00Z,1899-12-31T08:27:00Z,grab,5.73,8.66,4.05,0.14,0.12,0.02,0.32,0.08,1.78,0.12,0.07,0.04,0.003,0,0.23,0.53,0.01,0.07,0.15,0,0.63,0.6,4.1,0.005,0.003,6,weir,NA,NA
SG-123,E0A,2019-07-12T00:00:00Z,1899-12-31T08:33:00Z,grab,5.92,10.92,2.92,0.15,0.13,0.02,0.32,0.07,2.57,0.07,0.03,0.03,0.005,0.001,0.15,0.73,0,0.07,0.2,0,0.78,0.84,5.9,0.007,0.002,1,stream,NA,NA
SG-124,E0E,2019-07-12T00:00:00Z,1899-12-31T08:49:00Z,grab,5.5,13.2,2.01,0.07,0.06,0.03,0.36,0,3.42,0.1,0.03,0.07,0.007,0.001,0.17,0.75,0,0.09,0.2,0,0.9,1.15,6.19,0.008,0.004,1,stream,NA,NA
SG-125,W4B,2019-07-12T00:00:00Z,1899-12-31T15:35:00Z,grab,5.72,8.71,1.52,0.07,0.07,0.02,0.38,0.01,2.06,0.04,0.03,0.01,0.004,0.001,0.08,0.5,0,0.05,0.12,0,0.65,0.69,3.98,0.004,0.006,1,stream,281700.5,4870982.304
SG-126,W4A,2019-07-12T00:00:00Z,1899-12-31T15:38:00Z,grab,5.91,8.76,1.68,0.08,0.05,0.02,0.41,0.08,2.1,0.04,0.01,0.02,0.005,0,0.07,0.52,0,0.05,0.13,0,0.67,0.68,4.11,0.005,0.004,1,stream,281704.9512,4870945.049
SG-127,PB18,2019-07-12T00:00:00Z,1899-12-31T15:45:00Z,grab,5.38,8.41,4.01,0.14,0.12,0.02,0.31,0.06,1.6,0.14,0.08,0.07,0.007,0.001,0.26,0.43,0,0.04,0.12,0.01,0.56,0.54,3.64,0.004,0.003,3,stream,281721.5,4870886.257
SG-128,52_3_s1,2019-07-16T00:00:00Z,1899-12-31T11:46:00Z,pump,4.68,12.49,7.6,0.23,0.2,0.01,0.46,0.06,1.23,0.41,0.15,0.26,0.019,0.002,0.55,0.14,0.22,0.08,0.06,0.03,0.46,0.45,3.01,0.002,0.006,G2,shallow,281790.3689,4871221.759
SG-129,52_4_s1,2019-07-16T00:00:00Z,1899-12-31T11:28:00Z,pump,4.85,11.69,3.92,0.13,0.11,0.02,0.37,0.04,1.76,0.31,0.08,0.23,0.007,0,0.45,0.22,0.02,0.08,0.08,0.01,0.46,0.62,3.15,0.003,0.008,G2,shallow,281788.928,4871187.1
SG-130,A7,2019-07-16T00:00:00Z,1899-12-31T09:18:00Z,pump,5.01,11.88,3.21,0.16,0.09,0.02,0.42,0.29,2.56,0.26,0.06,0.21,0.003,0,0.38,0.31,0.02,0.06,0.07,0,0.7,0.83,4.94,0.005,0.005,G3,deep_intoC,281757.2500,4870606.0000
SG-131,D1,2019-07-16T00:00:00Z,1899-12-31T14:47:00Z,pump,5.22,10.96,3.87,0.22,0.19,0.06,0.45,0.03,2.43,0.14,0.07,0.08,0.018,0.001,0.25,0.41,0.03,0.15,0.12,0.01,0.82,0.79,3.63,0.006,0.005,G5,shallow,281751.0620,4870859.5000
SG-132,K8,2019-07-16T00:00:00Z,1899-12-31T13:39:00Z,pump,5.88,18.8,0.47,0.07,0.02,0.04,0.48,0.17,4.06,0.03,0.01,0.01,0.005,0.004,0.03,1.69,0.02,0.41,0.27,0,1.15,1.35,9.28,0.015,0.003,G4,deep_intoC,281684.7810,4871117.0000
SG-133,PB18,2019-07-16T00:00:00Z,1899-12-31T14:11:00Z,grab,5.62,8.95,2.61,0.15,0.08,0.02,0.4,0.23,1.96,0.08,0.03,0.05,0.008,0,0.16,0.46,0,0.04,0.13,0.01,0.73,0.65,4.48,0.004,0.005,3,stream,281721.5,4870886.257
SG-134,Weir3,2019-07-16T00:00:00Z,1899-12-31T08:44:00Z,grab,5.99,10.02,2.47,0.1,0.08,0.03,0.39,0.05,2.47,0.04,0.02,0.02,0.008,0.001,0.12,0.59,0,0.08,0.18,0,0.87,0.81,5.64,0.005,0.014,6,weir,NA,NA
SG-135,52_4_s1,2019-07-23T00:00:00Z,1899-12-31T10:58:00Z,pump,4.78,12.65,3.73,0.2,0.15,0.03,0.47,0.16,1.81,0.25,0.08,0.17,0.012,0,0.37,0.27,0.02,0.13,0.09,0.02,0.56,0.6,3.31,0.003,0.01,G2,shallow,281788.928,4871187.1
SG-136,K8,2019-07-23T00:00:00Z,1899-12-31T14:06:00Z,pump,5.81,18.95,0.45,0.06,0.03,0.04,0.44,0.06,4.08,0.02,0,0.02,0.007,0.004,0.05,1.59,0.04,0.37,0.26,0,1.15,1.38,9.29,0.014,0.005,G4,deep_intoC,281684.7810,4871117.0000
SG-137,PB25,2019-07-23T00:00:00Z,1899-12-31T11:17:00Z,grab,5.21,10.27,2.39,0.12,0.09,0.02,0.46,0.08,2.27,0.11,0.04,0.07,0.012,0.001,0.18,0.47,0.01,0.06,0.13,0.02,0.63,0.73,3.93,0.005,0.004,1,stream,281791.7747,4871126.775
SG-138,Weir3,2019-07-23T00:00:00Z,1899-12-31T08:37:00Z,grab,6.18,11.37,2.57,0.18,0.14,0.03,0.39,0.16,2.47,0.03,0.02,0.01,0.003,0.001,0.13,0.67,0.01,0.12,0.22,0,0.91,0.83,6.29,0.005,0.003,6,weir,NA,NA
SG-139,PB18,2019-07-23T00:00:00Z,1899-12-31T14:42:00Z,grab,5.57,9.14,2.87,0.17,0.1,0.02,0.41,0.26,1.93,0.1,0.05,0.05,0.005,0.002,0.17,0.48,0,0.05,0.13,0.01,0.73,0.64,5.07,0.004,0.022,3,stream,281721.5,4870886.257
SG-140,W4A,2019-07-23T00:00:00Z,1899-12-31T14:25:00Z,grab,6.07,10.01,1.41,0.06,0.05,0.02,0.44,0.01,2.39,0.03,0.01,0.01,0.004,0.001,0.05,0.51,0,0.04,0.14,0,0.91,0.78,5.43,0.004,0.004,1,stream,281704.9512,4870945.049
SG-141,K8,2019-07-30T00:00:00Z,1899-12-31T13:49:00Z,pump,5.92,19.71,0.78,0.14,0.09,0.05,0.6,0.11,4.09,0.01,0,0,0.033,0.006,0.02,1.53,0.01,0.4,0.25,0,1.22,1.43,9.17,0.013,0.004,G4,deep_intoC,281684.7810,4871117.0000
SG-142,86_3_s1,2020-01-28T00:00:00Z,1899-12-31T09:33:00Z,pump,4.84,14.69,6.36,0.46,0.15,0.03,0.6,1.31,2.16,0.47,0.11,0.36,0.011,0.001,0.84,0.39,0.02,0.11,0.15,0.01,0.63,0.65,4.67,0,0.01,G2,shallow,281846.3742,4870628.727
SG-165,Weir3,2020-06-30T00:00:00Z,1899-12-31T14:04:00Z,grab,6.35,14.1,2.6830418433556074,0.16011877199986055,0.0794769805905943,0.039592380585049325,0.4558028229853598,0.3424811436115694,2.941820997822398,0.06885381645311511,0.01897425524859066,0.049879561204524456,0.003276443925048521,0.0020234518452065748,0.09236408351071355,0.8660864369009378,0.0011772580506861467,0.23710757035721647,0.30252675874372464,0.005244877061053338,1.2313751344997936,0.9696865844373284,7.51437149356889,0.010172506763500674,0.020228922255193016,6,weir,NA,NA
SG-166,Weir3,2020-07-01T00:00:00Z,1899-12-31T08:50:00Z,grab,6.15,10.3,3.3668078102982983,0.12986394410339103,0.069280962634322,0.02709882095857777,0.43893699147222176,0.25261704667104623,2.1237027323216235,0.0764692572201143,0.03192987117557941,0.04453938604453489,0.00351763360773321,0.002002033462299384,0.1292777233878451,0.7013353700533707,7.249159439913517e-4,0.1933303405971155,0.19640044386391706,0.004961689500654928,0.8394387046941147,0.7129486126967961,5.15474895090106,0.00853168349673186,0.013707684734020412,6,weir,NA,NA
SG-48,Weir3,2020-08-05T00:00:00Z,1899-12-31T08:45:00Z,grab,6.4,NA,3.2484480525185977,0.20225511615967723,0.154036346687122,0.05757390635332596,0.6895039608220915,0.1869924999812478,2.8766073229318003,0.05185496409452929,0.03524639200418905,0.016608572090340237,0.005977787719704128,0.0018581062527439486,0.10656790721015194,0.8205958684285696,0.011673568615656025,0.47604060628767036,0.29312025488697163,0.01796199853287416,1.6451917106510237,0.8516268095042281,7.71812254707945,0.00772235,0.048487,6,weir,NA,NA
SG-167,Weir3,2020-10-14T00:00:00Z,1899-12-31T09:21:00Z,NA,5.79,NA,3.7111752823070874,0.13818533805260097,0.114651852265326,0.01892260065535446,0.6540598715122191,0.09452341619836094,1.961188393964664,0.08188523245047542,0.0185,0.0633852324504754,0.00218096149217009,9.5e-4,0.16477748570147097,0.5311678429546013,0.0037,0.3197117940549294,0.16917941008466425,0.0059407793202218215,0.7526051775018981,0.6172933881927731,4.0570778822587,0.00371007,0.0603849,6,weir,NA,NA
SG-168,Weir3,2020-10-14T00:00:00Z,1899-12-31T15:53:00Z,NA,5.939999999999999,NA,3.55365944959832,0.10904897133890556,0.0923891279472962,0.01700470220655143,0.6497344061077039,0.06409515619571217,2.0642734917418646,0.0654825687214228,0.0185,0.0469825687214228,0.0021809614921700993,0.001482806213569158,0.1515711373676068,0.5213197344387978,0.0037,0.28624885762867214,0.16661464582785102,0.005105627818252798,0.6739957160398414,0.625766086078408,3.98819811446775,0.00343677,0.0064,6,weir,NA,NA
SG-169,42_2_s1,2020-10-14T00:00:00Z,1899-12-31T12:25:00Z,NA,4.420000000000001,NA,13.140017759540571,0.2854612585537422,0.27020929465083,0.00555,1.2313587864323121,0.026500000000000003,0.9352553870729158,0.39873873984269614,0.24788109920904228,0.15085764063365387,0.009265702333261159,0.01921411181628569,0.5113027794198424,0.13549077670098492,0.24120029173790383,0.2749212864013851,0.05593674379419661,0.06494059073236971,0.7588450805770847,0.32161881170125006,3.99164551612626,9e-4,0.0144292,G1,shallow,281626.546,4871231.05
SG-170,42_3_s1,2020-10-14T00:00:00Z,1899-12-31T12:59:00Z,NA,4.620000000000003,NA,5.626236195766295,0.41679630972824133,0.166722261799558,0.03219316340674044,1.1965848588541061,1.0427501448144836,1.0718032121818946,0.25222240257325057,0.09055068191096789,0.16167172066228266,0.014520269866417523,0.035819623790388756,0.35989832559910306,0.24315118494736493,0.11408874128239883,0.20853380386190495,0.05679393602206577,0.10535970789467876,0.6132570291331161,0.3221773945022955,3.18104078403876,0.00185191,0.0521636,G2,shallow,281637.4851,4871215.022
SG-171,V2,2020-10-14T00:00:00Z,1899-12-31T13:19:00Z,NA,4.799999999999999,NA,1.735871471425933,1.0559366093414326,0.119686282464603,0.019987444401624973,0.48415134423468575,4.080763584754094,1.204021521589596,0.37055975451071727,0.0185,0.35205975451071697,0.014419450565840982,0.002300835932059901,0.5357056504130291,0.23425574452632944,0.0241211934822665,0.18906434624841859,0.0817334046687464,0.22742233475686877,0.5651341376568673,0.3633220338304133,3.26717235095449,9.000000000000001e-4,0.0421936,G2,deep_intoC,281641.4801,4871207.708
SG-172,52_2_s1,2020-10-14T00:00:00Z,1899-12-31T11:11:00Z,NA,4.6499999999999995,NA,7.2290288794695226,0.25605921068460274,0.242034283125529,0.018164660849877605,0.9759948654354572,0.026500000000000003,1.2074944157595056,0.3484574323142252,0.14739669066985692,0.2010607416443683,0.008038665989425223,0.0034259778244134682,0.4799244269892312,0.14621983984992865,0.10945823812815092,0.18306528517640852,0.06328711430210633,0.0358752595847039,0.7241309085330976,0.3960421655416787,3.16988849656127,0.00236994,0.0862858,G1,shallow,281790.4303,4871243.602
SG-173,52_3_s1,2020-10-14T00:00:00Z,1899-12-31T11:25:00Z,NA,4.4700000000000015,NA,8.381381550338915,0.23958697904707324,0.223807473959898,0.01251073521493451,1.0876780496348881,0.026500000000000003,1.3592724634455324,0.38797879121292944,0.18226175779630274,0.2057170334166267,0.009793243517525889,0.00248923412901425,0.5021165349965735,0.11631424592237866,0.07366139732929868,0.18868973126079328,0.05966233877515187,0.03330438344803208,0.6354946917994063,0.45221898635370916,3.15556641996807,9e-4,0.0152172,G2,shallow,281790.3689,4871221.759
SG-174,52_4_s1,2020-10-14T00:00:00Z,1899-12-31T11:40:00Z,NA,4.8999999999999995,NA,4.570603773051405,0.17179400421627092,0.142833761314013,0.015830493200036575,0.778257821389457,0.0947323177347301,1.6140867147060782,0.27229878560895127,0.08884891465176922,0.18344987095718204,0.007560528447189968,9.5e-4,0.39903509088280104,0.20671804536849395,0.015803514463808916,0.42200537418899947,0.07277022845764522,0.01722179589266321,0.5244977472335677,0.5303069222057712,3.65180908002648,0.00203425,0.0064,G2,shallow,281788.928,4871187.1
SG-175,86_3_s1,2020-10-14T00:00:00Z,1899-12-31T09:58:00Z,NA,5.07,NA,7.79553319008877,0.7438498120798439,0.197451612310006,0.019232861301936993,0.9345878507172675,0.9240176691177686,1.9851755818797436,0.38847487614476883,0.16677015176137022,0.2217047243833986,0.3376656917578603,0.015779100731192455,0.7510849538313056,0.4240446779292287,0.05453702253247392,0.3110918019259925,0.155542797342196,0.014325098401632468,0.6998509038246271,0.6561426250012397,4.9149916600105,0.00281887,0.0137238,G2,shallow,281846.3742,4870628.727
SG-176,Weir3,2020-10-17T00:00:00Z,1899-12-31T10:10:00Z,NA,6.13,NA,4.252808671972318,0.12348431411803125,0.112946723714087,0.031225461372544512,0.7174810926137309,0.026500000000000003,1.8259187859039059,0.09906768214573419,0.06999826447769811,0.029069417668036085,0.004551328834294731,9.5e-4,0.21261052214484033,0.5337392634995943,0.02736585686251161,0.2813025009678869,0.1656471842172054,0.021448633746483436,0.7370422540014515,0.6130941669727599,4.08825240550734,0.00377657,0.0194882,6,weir,NA,NA
SG-177,Weir3,2020-10-17T00:00:00Z,1899-12-31T17:20:00Z,NA,5.8100000000000005,NA,3.9543576205241293,0.1342001207209405,0.122812580637885,0.02138147046635544,0.6484307072572922,0.026500000000000003,1.9089014902872254,0.09716025475046468,0.04939884908615418,0.04776140566431048,0.005401278513405765,9.5e-4,0.1994152615680187,0.5305492974663624,0.0037,0.2339628538658793,0.16331880806055138,0.006986742143218444,0.6983940670095711,0.6157628167628875,4.129643980536,0.00369761,0.0063999999999999994,6,weir,NA,NA
SG-178,42_2_s1,2020-10-17T00:00:00Z,1899-12-31T14:00:00Z,NA,4.3500000000000005,NA,15.071659286969126,0.31450906488228964,0.29726824933653,0.014810746015085285,1.0073162552299968,0.026500000000000003,0.7422911449446525,0.444369858880994,0.2793590618906389,0.1650107969903551,0.01125455397610832,0.01632675881303374,0.5623109874310082,0.080280729946062,0.248972269584796,0.10299382691972102,0.049169424669622985,0.06479232905489543,0.6580887702306598,0.28102548117134246,3.758951592958,9e-4,0.0064,G1,shallow,281626.546,4871231.05
SG-179,42_3_s1,2020-10-17T00:00:00Z,1899-12-31T14:15:00Z,NA,4.490000000000001,NA,9.199358506159877,0.3305384945940796,0.251113376451515,0.016284077348030963,0.9747988337020045,0.31322750660987975,0.9875398674376779,0.3880780422311364,0.18236636970524364,0.20571167252589276,0.008668069637807835,0.03701849393241006,0.5340258929345316,0.09287258740052515,0.07967074683335518,0.1373518374917948,0.036582748634999294,0.058430690888853866,0.5430585527797235,0.3389007816453689,2.99378884840883,9e-4,0.0064,G2,shallow,281637.4851,4871215.022
SG-180,42_4_s1,2020-10-17T00:00:00Z,1899-12-31T15:03:00Z,NA,5.05,NA,1.3558990679618053,0.06371961589055022,0.0322663076116478,0.011110120365557774,0.5225648376978701,0.10851370391042689,1.6065242833109352,0.1101976871109052,0.0185,0.091697687110905,0.00694042467515206,9.5e-4,0.17218735076344258,0.23328795042835562,0.0037,0.17621012150499937,0.0550226931730203,0.020836844522641403,0.3438379856687836,0.5499497606950576,2.53394209439594,9e-4,0.0064,G3,shallow,281660.3829,4871158.234
SG-181,V2,2020-10-17T00:00:00Z,1899-12-31T14:30:00Z,NA,4.8500000000000005,NA,1.4866095747534651,1.3827244305375908,0.174344300127149,0.01700211157821404,0.5220421214001945,5.291933385867663,0.9362653338122566,0.5145600826162242,0.0185,0.496060082616224,0.01295003769466277,9.5e-4,0.6217292968724597,0.24780607738036275,0.012792310137150327,0.1905460036106152,0.09015999847956016,0.2589880851081878,0.5809222662111696,0.2773396833181068,3.16285830024181,9e-4,0.0479278,G2,deep_intoC,281641.4801,4871207.708
SG-182,52_2_s1,2020-10-17T00:00:00Z,1899-12-31T12:45:00Z,NA,4.599999999999998,NA,7.372727533870503,0.224088911646171,0.197827471760518,0.014034246578879802,0.8356771156952693,0.06933414175768518,1.2026426259755663,0.3722519948661722,0.1422210065861947,0.23003098827997753,0.010599088630230243,0.0016898862620234613,0.5060741854185202,0.10693423318435598,0.06981387223892092,0.09468682370437878,0.05607556511960951,0.038777328064805404,0.4981697563057078,0.38998716434836045,3.24936077571882,9e-4,0.0064,G1,shallow,281790.4303,4871243.602
SG-183,52_3_s1,2020-10-17T00:00:00Z,1899-12-31T12:55:00Z,NA,4.54,NA,7.825930982365899,0.20141745304828035,0.17438172653177,0.013433951064137093,0.8992632341005011,0.08471634020213271,1.3449748271431992,0.380615715624089,0.16301465102336768,0.21760106460072134,0.00789858796279605,9.5e-4,0.5119982156098624,0.0869167236382249,0.07272128130547205,0.08557028059135369,0.05145400822611235,0.0296847470982226,0.5273895160353553,0.4456981458954929,3.03516108158,9e-4,0.0064,G2,shallow,281790.3689,4871221.759
SG-184,52_4_s1,2020-10-17T00:00:00Z,1899-12-31T13:10:00Z,NA,4.880000000000001,NA,4.294260206895676,0.1682958690029245,0.155535419070798,0.02283803952512631,0.6595437999845581,0.026500000000000003,1.7011886151592122,0.25224488581390325,0.07604680101706318,0.17619808479684007,0.006774188362475765,9.5e-4,0.4162120630686213,0.18369586332840246,0.023592833148244004,0.2177724737984532,0.06835032786998481,0.01424531683481045,0.5548534654839101,0.5608698574512523,3.47621914670671,0.00196447,0.0182535,G2,shallow,281788.928,4871187.1
SG-185,82_2_s1,2020-10-17T00:00:00Z,1899-12-31T11:33:00Z,NA,4.170000000000001,NA,31.917563079822393,1.709512251733749,0.67039243174397,0.07962949360105308,0.0667773814012782,4.510958955802131,1.5753074448085316,0.65216341155405,0.43349477602544306,0.21866863552860694,0.02010924491855564,0.09584300255461826,0.8355434917285978,1.722671387905006,0.5069282890631637,0.661352498839818,0.4003641374378357,0.08073875830746684,0.7678097298934073,0.6102663983706145,5.38557905274287,0.00794495,0.16005,NA,NA,NA,NA
SG-186,82_3_s1,2020-10-17T00:00:00Z,1899-12-31T11:17:00Z,NA,4.79,NA,8.21281197498392,0.3611803878552911,0.200084502136074,0.015067721912177348,0.0667773814012782,0.6852685065660795,1.9200942937954424,0.47814023170657594,0.16954737106883994,0.308592860637736,0.006296016823063341,9.5e-4,0.8341729846165951,0.36197390829165604,0.015858605519706456,0.13516039456535725,0.12320263768744111,0.010994768140207738,0.6700143813962461,0.6230065112528418,4.69758918182259,0.00286862,0.0064,NA,NA,NA,NA
SG-187,82_4_s1,2020-10-17T00:00:00Z,1899-12-31T11:06:00Z,NA,4.980000000000001,NA,5.03486096419303,0.19087876721566713,0.166996382253284,0.02139562439213337,0.87392214659176,0.06060466527421732,1.8087930304830286,0.3199285233479755,0.10057604785200418,0.2193524754959713,0.010191993314362185,9.5e-4,0.5398051034420517,0.3029760132160702,0.008105831044759877,0.1410553451080711,0.0697786528769877,0.00766430733390976,0.6059557618902862,0.5774409451599658,5.22733990334798,0.0028358,0.0064,NA,NA,NA,NA
SG-188,A7,2020-10-17T00:00:00Z,1899-12-31T10:44:00Z,NA,4.920000000000001,NA,3.418251102182014,0.9275240508768172,0.0676217301077825,0.029391669608263744,0.0667773814012782,3.7782093840158346,1.4837430440328883,0.3828658176696371,0.07318430500073059,0.30968151266890653,0.006417428783166049,9.5e-4,0.580983675413802,0.37180716091145377,0.030537160650188494,0.08192802712403328,0.10723589247802633,0.016777943323620675,0.7845685865231038,0.4534843597635652,4.87033472433499,0.00531952,0.0064,G3,deep_intoC,281757.2500,4870606.0000
